{
    "item_type": "zone",
    "item_id": 0,
    "title": "Mandelbrot",
    "is_favorite": false,
    "metadata": "type: Shader Sandbox\ncreator: andy",
    "description": "See how a shader looks.",
    "length": 180.0,
    "_unity_scene_name": "ShaderSandbox",
    "params": {
        "triangle_spacing": 0.005,
        "sky_r": 0.0,
        "sky_g": 0.0,
        "sky_b": 0.1,
        "screen_position_x": 0.0,
        "screen_position_y": 0.5,
        "screen_position_z": 1.0,
        "screen_scale_x": 1.0,
        "screen_scale_y": 1.0,
        "screen_scale_z": 1.0,
        "u_center": 0.0,
        "v_center": 0.0,
        "u_width": 4.0,
        "v_height": 4.0,
        "shader_one": "1"
    },
    "parent_id": null,
    "shaders": {
        "1": {
            "_unity_shader_name": "Shader Graphs/Fractal",
            "params": {
                "_IsJulia": false,
                "_c_re": 0.0,
                "_c_im": 0.0,
                "_MaxIterations": 100.0,
                "_Power": 2,
                "_Color1R": 0.9,
                "_Color1G": 0.0,
                "_Color1B": 0.0,
                "_Color2R": 0.0,
                "_Color2G": 0.9,
                "_Color2B": 0.0,
                "_Color3R": 0.0,
                "_Color3G": 0.0,
                "_Color3B": 0.9,
                "_SetColorR": 0.0,
                "_SetColorG": 0.0,
                "_SetColorB": 0.0,
                "_ColorSteps": 10.0,
                "_ColorShift": {
                    "epoch_starts_seconds": [0.0],
                    "epochs": [
                        {
                            "functions": [
                                {
                                    "abscissa": "epoch_time",
                                    "function": "monomial",
                                    "exponent": 1.0,
                                    "coefficient": -10.0,
                                    "t_offset": 0.0,
                                    "offset": 0.0
                                }
                            ],
                            "operation": "sum"
                        }
                    ]
                },
                "_IsColorSmooth": false
            }
        }
    },
    "as_ad": false
}
